{"http://data.eox.at/minv/meta/ngA1/Envisat/ASA_IM__0P/": {"directory": "httpdataeoxatminvmetanga1envisatasa_im__0p", "type": "nga"}, "http://data.eox.at/minv/meta/OADS2/Envisat/ASA_IM__0P/": {"directory": "httpdataeoxatminvmetaoads2envisatasa_im__0p", "type": "oads"}, "http://data.eox.at/minv/meta/OADS1/Envisat/ASA_IM__0P/": {"directory": "httpdataeoxatminvmetaoads1envisatasa_im__0p", "type": "oads"}, "http://data.eox.at/minv/meta/ngA2/Envisat/ASA_IM__0P/": {"directory": "httpdataeoxatminvmetanga2envisatasa_im__0p", "type": "nga"}}